Claybacon	328	2024-05-11 20:47:06+00:00
Voyes	189	2024-05-11 15:56:29+00:00
Kreseph	186	2024-05-12 07:37:04+00:00
stpeam	181	2024-05-09 07:13:31+00:00
Kiyyun	121	2024-05-11 21:30:16+00:00
nicefig	75	2024-05-10 21:57:07+00:00
D3F4L7_	51	2024-05-02 23:13:42+00:00
684	45	2024-05-11 22:09:36+00:00
Lampara204	41	2024-05-09 03:29:10+00:00
snooozanoom	37	2024-05-11 04:13:17+00:00
sunfishywow	36	2024-04-28 09:11:21+00:00
JeffreyEpstein	24	2024-04-22 21:28:26+00:00
riricky77	22	2024-04-28 09:11:21+00:00
DookieDookster	13	2024-05-03 22:12:29+00:00
JNakz64	12	2024-04-22 04:47:16+00:00
G33KO	12	2024-05-11 23:56:40+00:00
12DAMDO	9	2024-04-23 19:08:36+00:00
marquitos3p	8	2024-05-11 21:24:52+00:00
ilker__	8	2024-04-30 17:57:51+00:00
iBeatWomen2Death	8	2024-05-02 13:03:15+00:00
Neurotoxin101	8	2024-05-02 10:38:34+00:00
Ethanyes	8	2024-05-03 22:47:09+00:00
Tightt	7	2024-05-10 23:38:32+00:00
Galantro985	7	2024-04-21 22:57:01+00:00
rqmzi	6	2024-05-01 17:12:53+00:00
podracinglol	5	2024-04-26 18:57:10+00:00
foxxboii	5	2024-05-05 19:28:31+00:00
SedansCans	5	2024-04-25 21:57:01+00:00
saLT_Juicy	4	2024-04-30 00:35:24+00:00
revega	4	2024-04-19 15:49:46+00:00
idk1208	4	2024-05-02 13:57:15+00:00
Zeroda	4	2024-05-02 13:03:15+00:00
GUNKYSHOOTER	4	2024-04-26 20:56:46+00:00
CunniBandit	4	2024-05-04 04:46:33+00:00
2j0	4	2024-04-30 00:35:24+00:00
ironjayy	3	2024-05-10 21:32:55+00:00
doopeers	3	2024-04-18 16:49:09+00:00
SpaceMarineGamin	3	2024-04-17 06:49:09+00:00
Houison1	3	2024-04-20 11:49:49+00:00
niceposter765	2	2024-04-18 20:18:34+00:00
job1488	2	2024-05-08 19:09:21+00:00
UwU_r	2	2024-04-26 02:43:25+00:00
TheVoidLord101	2	2024-04-21 06:31:39+00:00
Jesterrr_	2	2024-04-21 06:31:39+00:00
xwxw	1	2024-05-10 23:12:12+00:00
soda	1	2024-05-07 13:12:41+00:00
moorat	1	2024-04-18 21:49:10+00:00
duders_	1	2024-04-17 10:19:28+00:00
born2late	1	2024-05-03 15:57:00+00:00
Zielony898	1	2024-04-18 20:18:34+00:00
Mich900	1	2024-05-02 13:17:19+00:00
MadokaMagic	1	2024-04-18 21:49:10+00:00
Macavitycode	1	2024-04-28 18:13:17+00:00
